,Name,Address,Geocodes
0,BURLESON ISD,"1160 SW Wilshire Blvd, Burleson, TX 76028, USA","{'lat': 32.5254861, 'lng': -97.3438856}"
1,FirstGroup plc,"418 Metro Park Dr, McKinney, TX 75071, USA","{'lat': 33.2114278, 'lng': -96.6085835}"
2,Burleson Independent Sc...,"1160 SW Wilshire Blvd, Burleson, TX 76028, USA","{'lat': 32.5254861, 'lng': -97.3438856}"
3,"FirstGroup America, Inc...","418 Metro Park Dr, McKinney, TX 75071, USA","{'lat': 33.2114278, 'lng': -96.6085835}"
4,First-Hand Solutions Co...,"1160 SW Wilshire Blvd, Burleson, TX 76028, USA","{'lat': 32.5254861, 'lng': -97.3438856}"
5,Newport News Public Schools,"74 Buffalo Dr, Raymondville, TX 78580, USA","{'lat': 26.4745403, 'lng': -97.7688063}"
6,newport news public schools,"74 Buffalo Dr, Raymondville, TX 78580, USA","{'lat': 26.4745403, 'lng': -97.7688063}"
7,Newport News public schools,"74 Buffalo Dr, Raymondville, TX 78580, USA","{'lat': 26.4745403, 'lng': -97.7688063}"
8,newport News Public Schools,"74 Buffalo Dr, Raymondville, TX 78580, USA","{'lat': 26.4745403, 'lng': -97.7688063}"
9,Schetky NW Sales,"4111 E B Cir., Pasco, WA 99301, USA","{'lat': 46.2255358, 'lng': -119.0429017}"
10,Department of Education,"2425 E St Charles St, Rapid City, SD 57703, USA","{'lat': 44.0694856, 'lng': -103.174981}"
11,Autobuses Adame Ltd,"4047 Nolensville Pike, Nashville, TN 37211, USA","{'lat': 36.0809901, 'lng': -86.7280613}"
12,Ryder,"2625 Eugenia Ave, Nashville, TN 37211, USA","{'lat': 36.1142666, 'lng': -86.7545973}"
13,Emergency Medical Services Corporation,"1384 Farmville Rd, Memphis, TN 38122, USA","{'lat': 35.1698646, 'lng': -89.9526314}"
14,Laidlaw Transit Inc,"1681 Getwell Rd, Memphis, TN 38111, USA","{'lat': 35.0857206, 'lng': -89.931856}"
15,Laidlaw Transit Inc,"500 W Winchester Rd, Libertyville, IL 60048, USA","{'lat': 42.2987852, 'lng': -87.9598986}"
16,William Sanford,"1454 E Morphy St, Fort Worth, TX 76104, USA","{'lat': 32.7286452, 'lng': -97.306243}"
17,Durham Transportation,"1601 Magnolia Dr, Mesquite, TX 75149, USA","{'lat': 32.7510189, 'lng': -96.62120209999999}"
18,Laidlaw Education Services,"1306 Gibson Ave #1, Ogden, UT 84404, USA","{'lat': 41.242765, 'lng': -111.9840144}"
19,Fleet Management,"12153 Hooe Rd, Bristow, VA 20136, USA","{'lat': 38.6910647, 'lng': -77.5156308}"
20,First Student Inc,"1401 VT-14, White River Junction, VT 05001, USA","{'lat': 43.6713938, 'lng': -72.3758084}"
21,First Student Inc,"40 Prospect St, Voorheesville, NY 12186, USA","{'lat': 42.6566768, 'lng': -73.9335711}"
22,Central Washington Co Op,"1802 Perry St, Tallahassee, FL 32310, USA","{'lat': 30.4254679, 'lng': -84.2930805}"
23,Tumwater School District,"2020 80th Ave SW, Tumwater, WA 98512, USA","{'lat': 46.972403, 'lng': -122.9260082}"
24,First Student Inc,"704 Cross St, Marshall, TX 75670, USA","{'lat': 32.5283207, 'lng': -94.3602264}"
25,First Student Inc,"321 W Commercial St, Lebanon, MO 65536, USA","{'lat': 37.6783179, 'lng': -92.666905}"
26,First Student Transportation,"513 State Farm Rd, Boone, NC 28607, USA","{'lat': 36.2088681, 'lng': -81.6639062}"
27,School Services and Leasing,"1622 Oakes Rd, Racine, WI 53406, USA","{'lat': 42.7113466, 'lng': -87.8705627}"
28,Kingdom Enterprise Group,"975 Klein Ct, Waukesha, WI 53186, USA","{'lat': 43.02128949999999, 'lng': -88.1844464}"
29,"Coach USA, Inc.","1520 Arcadian Ave, Waukesha, WI 53186, USA","{'lat': 43.014523, 'lng': -88.20677119999999}"
30,"Coach USA, Inc.","1085 McGinness Ave, San Jose, CA 95127, USA","{'lat': 37.3527932, 'lng': -121.8261801}"
31,Laidlaw Transit Inc,"1205 S Water St, Kent, OH 44240, USA","{'lat': 41.1430894, 'lng': -81.35776340000001}"
32,"FirstGroup America, Inc.","219 Paoli St, Verona, WI 53593, USA","{'lat': 42.9773305, 'lng': -89.5424692}"
33,First Student,"4150 W Mitchell St, West Milwaukee, WI 53215, USA","{'lat': 43.0124693, 'lng': -87.9650111}"
34,Weston Sch Dist,"County Rd S, Wisconsin, USA","{'lat': 43.4680366, 'lng': -90.09817149999999}"
35,Faherty Inc,"1120 Broadway, Vallejo, CA 94590, USA","{'lat': 38.1176501, 'lng': -122.2482619}"
36,Laidlaw Educational Services Inc,"6015 52nd St, Kenosha, WI 53144, USA","{'lat': 42.58825299999999, 'lng': -87.8805391}"
37,Johnson School Bus Svc Inc,"2151 W Washington St, Tempe, AZ 85284, USA","{'lat': 33.4449417, 'lng': -111.9590693}"
38,Johnson School Bus Svc Inc,"3900 Co Rd KW, Oostburg, WI 53070, USA","{'lat': 43.6354765, 'lng': -87.8452405}"
39,Joske House,"241 King William, San Antonio, TX 78204, USA","{'lat': 29.4155392, 'lng': -98.49269629999999}"
40,Seven Springs Institute,"12517 172nd St NE, Arlington, WA 98223, USA","{'lat': 48.1515371, 'lng': -122.1085798}"
41,First Student Inc,"217 Maxham Meadow Way #103D, Woodstock, VT 05091, USA","{'lat': 43.6295764, 'lng': -72.5065547}"
42,Baldwin-Wallace College,"Bonds Hall, 275 Eastland Rd, Berea, OH 44017, USA","{'lat': 41.3684663, 'lng': -81.844763}"
43,Mecklenburg County Schl Bus,"510 Skipwith Rd, Boydton, VA 23917, USA","{'lat': 36.6698673, 'lng': -78.4057736}"
44,Buffalo Public Schools,"87 US-16, Buffalo, WY 82834, USA","{'lat': 44.3538734, 'lng': -106.6808469}"
45,Laidlaw Transit Inc,"7741 W National Ave, West Allis, WI 53214, USA","{'lat': 43.0111459, 'lng': -88.00926}"
46,Jevco Inc,"1036 E State St, Traverse City, MI 49686, USA","{'lat': 44.7627882, 'lng': -85.5962419}"
47,Fleet management,"12153 Hooe Rd, Bristow, VA 20136, USA","{'lat': 38.6910647, 'lng': -77.5156308}"
48,First student inc,"40 Prospect St, Voorheesville, NY 12186, USA","{'lat': 42.6566768, 'lng': -73.9335711}"
49,Student Transportation-america,"927 Whaley St, Columbia, SC 29201, USA","{'lat': 33.9866838, 'lng': -81.03169989999999}"
50,T Safe School Transit Inc,"975 Kings Hwy E, Fairfield, CT 06825, USA","{'lat': 41.1663511, 'lng': -73.23383749999999}"
51,Turtle Buses L L C,"1639 Southshire Ln, Knoxville, TN 37922, USA","{'lat': 35.860524, 'lng': -84.1003167}"
52,Degnitz Bus Service,"8553 Fillmore Rd, Fredonia, WI 53021, USA","{'lat': 43.5002467, 'lng': -88.0610239}"
53,Kobussen Buses Ltd,"W914 County Rd CE, Kaukauna, WI 54130, USA","{'lat': 44.2561568, 'lng': -88.2332248}"
54,Robert Glodowski Busing Llc,"Clinton, CT, USA","{'lat': 41.2882208, 'lng': -72.5288034}"
55,Marshfield Bus Service Inc,"2146 Grand View Blvd, Onalaska, WI 54650, USA","{'lat': 43.8820882, 'lng': -91.2030838}"
56,Menomonie Transportation Inc,"1016 19th Ave E, Seattle, WA 98112, USA","{'lat': 47.6285753, 'lng': -122.3069404}"
57,Buses At Your Service,"4212 Fryer St, The Colony, TX 75056, USA","{'lat': 33.0937655, 'lng': -96.9041232}"
58,Marias School Bus Service,"14414 Essendine Ln, Houston, TX 77045, USA","{'lat': 29.6162981, 'lng': -95.44807209999999}"
59,Durham School Services,"9011 Mountain Ridge Dr #150, Austin, TX 78759, USA","{'lat': 30.3874581, 'lng': -97.75162449999999}"
60,Dufour Inc,"272 Benmont Ave, Bennington, VT 05201, USA","{'lat': 42.8916305, 'lng': -73.2018191}"
61,First Student,"857 Putney Rd, Brattleboro, VT 05301, USA","{'lat': 42.87748999999999, 'lng': -72.55783}"
62,First Student Inc,"857 Putney Rd, Brattleboro, VT 05301, USA","{'lat': 42.87748999999999, 'lng': -72.55783}"
63,First Student Inc,"1234 US-2, Berlin, VT 05602, USA","{'lat': 44.2418731, 'lng': -72.5415411}"
64,Mountain Transit Inc,"553 E Mahoning St, Punxsutawney, PA 15767, USA","{'lat': 40.9435815, 'lng': -78.9636326}"
65,Lamoille Valley Transportation,"643 VT-15, Morristown, VT 05661, USA","{'lat': 44.5815871, 'lng': -72.59968479999999}"
66,Bet-Cha Transit Inc,"202 Mainelli Rd, Middlebury, VT 05753, USA","{'lat': 44.0366945, 'lng': -73.1698876}"
67,Butlers Bus Service Inc,"266 Lake Region Rd, Orleans, VT 05860, USA","{'lat': 44.7843475, 'lng': -72.21859549999999}"
68,County Of Montgomery,"510 Church St, Peru, IL 61354, USA","{'lat': 41.3251776, 'lng': -89.13851509999999}"
69,Palmetto Bus Sales,"U.S. 90 Access Rd, Texas, USA","{'lat': 29.3930776, 'lng': -98.6603818}"
70,Palmetto Bus Sales LLC,"U.S. 90 Access Rd, Texas, USA","{'lat': 29.3930776, 'lng': -98.6603818}"
71,Orangeburg School District 3,"Magnolia St, California, USA","{'lat': 33.7211084, 'lng': -117.9718798}"
72,City Of Orangeburg,"979 State Rd S-38-211, Orangeburg, SC 29115, USA","{'lat': 33.4884986, 'lng': -80.8633349}"
73,Orangeburg County Road Mntnc,"1550 Henley St, Orangeburg, SC 29115, USA","{'lat': 33.4951512, 'lng': -80.8605678}"
74,County Of Orangeburg,"1437 Amelia St, Orangeburg, SC 29115, USA","{'lat': 33.4929804, 'lng': -80.8629026}"
75,County Of Orangeburg,"1550 Henley St #200, Knoxville, TN 37920, USA","{'lat': 35.9562591, 'lng': -83.9173955}"
76,Orangeburg County Library,"1437 Amelia St, Orangeburg, SC 29115, USA","{'lat': 33.4929804, 'lng': -80.8629026}"
77,Orangeburg County Chamber,"PO Box 328, Boyds, MD 20841, USA","{'lat': 39.1835446, 'lng': -77.31312489999999}"
78,Orangeburg County Chamber-Cmrc,"PO Box 328, Boyds, MD 20841, USA","{'lat': 39.1835446, 'lng': -77.31312489999999}"
79,Orangeburg Business Licenses,"979 State Rd S-38-211, Orangeburg, SC 29115, USA","{'lat': 33.4884986, 'lng': -80.8633349}"
80,Orangeburg Parks & Rec,"367 S Green St, Tuckerton, NJ 08087, USA","{'lat': 39.5970504, 'lng': -74.3392039}"
81,County Of Orangeburg,"1437 Amelia St #2, New Orleans, LA 70115, USA","{'lat': 29.9252537, 'lng': -90.09408069999999}"
82,Orangeburg County Purchasing,"1437 Amelia St, Orangeburg, SC 29115, USA","{'lat': 33.4929804, 'lng': -80.8629026}"
83,Orangeburg County Admin,"1437 Amelia St, Orangeburg, SC 29115, USA","{'lat': 33.4929804, 'lng': -80.8629026}"
84,Orangeburg County Library,"190 Gibson St, Berea, OH 44017, USA","{'lat': 41.3673273, 'lng': -81.8629651}"
85,Orangeburg Consolidated School,"1031 State Rd S-38-211, Orangeburg, SC 29115, USA","{'lat': 33.4888851, 'lng': -80.86357269999999}"
86,Orangeburg Cnsld Schl Dst 5,"350 Murray Rd, Preston VIC 3072, Australia","{'lat': -37.7373639, 'lng': 145.0004713}"
87,Orangeburg Consolidated School District 4,"131 Firefighter Ln, Orangeburg, SC 29115, USA","{'lat': 33.4572985, 'lng': -80.7220048}"
88,Orangeburg (sc) Public Utilities,"1016 Russell St, Nashville, TN 37206, USA","{'lat': 36.175654, 'lng': -86.7510999}"
89,Orangeburg County Disability & Special Needs Board,"Magnolia St, California, USA","{'lat': 33.7211084, 'lng': -117.9718798}"
90,Orangeburg Department Of Public Utilities,"1016 Russell St, Nashville, TN 37206, USA","{'lat': 36.175654, 'lng': -86.7510999}"
91,Orangeburg County Litter Cntrl,"1437 Amelia St, Orangeburg, SC 29115, USA","{'lat': 33.4929804, 'lng': -80.8629026}"
92,Orangeburg County Tax Assessor,"1437 Amelia St, Orangeburg, SC 29115, USA","{'lat': 33.4929804, 'lng': -80.8629026}"
93,County Of Orangeburg,"190 Gibson St, Berea, OH 44017, USA","{'lat': 41.3673273, 'lng': -81.8629651}"
94,Orangeburg County Grants Adm.,"1437 Amelia St, Orangeburg, SC 29115, USA","{'lat': 33.4929804, 'lng': -80.8629026}"
95,Orangeburg County Library,"225 W Broughton St, Savannah, GA 31401, USA","{'lat': 32.0796693, 'lng': -81.09521459999999}"
96,Orangebug Area Resource Center,"Magnolia St, California, USA","{'lat': 33.7211084, 'lng': -117.9718798}"
97,Orangeburg Calhoun Free Med,"141 Centre St, Waldwick, NJ 07463, USA","{'lat': 41.0174571, 'lng': -74.1138687}"
98,Orangeburg Finance Dept,"979 State Rd S-38-211, Orangeburg, SC 29115, USA","{'lat': 33.4884986, 'lng': -80.8633349}"
99,Orangeburg Cnsld Schl Dst 5,"790 Whittaker Pkwy, Orangeburg, SC 29115, USA","{'lat': 33.4932305, 'lng': -80.8358326}"
100,Orangeburg Municipal Court,"1320 State Rd S-38-211, Orangeburg, SC 29115, USA","{'lat': 33.4923894, 'lng': -80.8660587}"
101,Orangeburg Consolidated School District 4,"136 Woodolive St, Orangeburg, SC 29115, USA","{'lat': 33.466648, 'lng': -80.95656199999999}"
102,Department Of Public Utilities,"PO Box 1057, Evansville, WY 82636, USA","{'lat': 42.8599653, 'lng': -106.2683566}"
103,City Of Orangeburg,"550 Seaboard St, Myrtle Beach, SC 29577, USA","{'lat': 33.7063527, 'lng': -78.913}"
104,Orangeburg Department Of Public Utilities,"PO Box 1057, Evansville, WY 82636, USA","{'lat': 42.8599653, 'lng': -106.2683566}"
105,Orangeburg County Personnel,"1437 Amelia St, Orangeburg, SC 29115, USA","{'lat': 33.4929804, 'lng': -80.8629026}"
106,Orangeburg County Offices,"1437 Amelia St, Orangeburg, SC 29115, USA","{'lat': 33.4929804, 'lng': -80.8629026}"
107,Department Of Public Utilities,"2651 North Rd, Orangeburg, SC 29118, USA","{'lat': 33.5233921, 'lng': -80.8876682}"
108,City Of Orangeburg,"367 S Green St, Tuckerton, NJ 08087, USA","{'lat': 39.5970504, 'lng': -74.3392039}"
109,"City Of Orangeburg, Sc","PO Box 1057, Evansville, WY 82636, USA","{'lat': 42.8599653, 'lng': -106.2683566}"
110,Orangeburg Fire Inspections,"1320 State Rd S-38-211, Orangeburg, SC 29115, USA","{'lat': 33.4923894, 'lng': -80.8660587}"
111,County Of Orangeburg,"3791 Belleville Rd, Canton, MI 48188, USA","{'lat': 42.2717091, 'lng': -83.4873121}"
112,City Of Orangeburg,"266 Whitetail Ln, Orangeburg, SC 29115, USA","{'lat': 33.4703749, 'lng': -80.7172956}"
113,Orangeburg County Public Works,"1606 Ellis Ave, Laurel Springs, NJ 08021, USA","{'lat': 39.820814, 'lng': -75.04843699999999}"
114,Orangeburg County Fire Crdntr,"131 Firefighter Ln, Orangeburg, SC 29115, USA","{'lat': 33.4572985, 'lng': -80.7220048}"
115,Newberry School Bus Mntnc Shop,"1150 Airport Rd, Destin, FL 32541, USA","{'lat': 30.390545, 'lng': -86.46568099999999}"
116,South Carolina Department Of Disabilities And Spec,"714 E National Cemetery Rd, Florence, SC 29506, USA","{'lat': 34.1834392, 'lng': -79.7547712}"
117,South Carolina Hispanic,"PO Box 1057, Evansville, WY 82636, USA","{'lat': 42.8599653, 'lng': -106.2683566}"
118,Brunson School Bus Maintenance,"190 State Rd S-25-512, Brunson, SC 29911, USA","{'lat': 32.9270095, 'lng': -81.1793452}"
119,Durham School Svc,"2501 Dodds Ave, Chattanooga, TN 37407, USA","{'lat': 35.0110786, 'lng': -85.2766932}"
120,Parker Transport Inc,"1350 Clinch Ave, Clinton, TN 37716, USA","{'lat': 36.0664299, 'lng': -84.134129}"
121,Laidlaw Transit Inc,"1689 Getwell Rd, Memphis, TN 38111, USA","{'lat': 35.085699, 'lng': -89.9318495}"
122,Plant Pamela School Buses,"1535 Sorghum Rd, Holladay, TN 38341, USA","{'lat': 35.890267, 'lng': -88.1158914}"
123,Gibson County School District,"84 TN-188, Trenton, TN 38382, USA","{'lat': 35.9840879, 'lng': -89.1240701}"
124,All County Bus LLC,"379 White Rd, Sparta, TN 38583, USA","{'lat': 35.9237045, 'lng': -85.50129079999999}"
125,First Student Inc,"16900 Pheasant Dr, Brookfield, WI 53005, USA","{'lat': 43.0677973, 'lng': -88.1228252}"
126,Otte Bus Service Inc,"420 E Union St, Lone Rock, WI 53556, USA","{'lat': 43.1842066, 'lng': -90.1939708}"
127,Johnson School Bus Service,"501 Gray St, Houston, TX 77002, USA","{'lat': 29.7513247, 'lng': -95.3757364}"
128,Kiel Transportation Co Inc,"929 Eighth St, New Orleans, LA 70115, USA","{'lat': 29.923557, 'lng': -90.08449139999999}"
129,Dousman Transport Co Inc,"N77W30902 Hartman Ct, Hartland, WI 53029, USA","{'lat': 43.1601108, 'lng': -88.3580784}"
130,Oconomowoc Town Police Dept,"W359N6812 Brown St, Oconomowoc, WI 53066, USA","{'lat': 43.14300739999999, 'lng': -88.4601836}"
131,Oconomowoc Transport,"W360 N8515 Brown St, Oconomowoc, WI 53066, USA","{'lat': 43.1769714, 'lng': -88.4622626}"
132,Johnson School Bus Svc,"N87W17391 Main St, Menomonee Falls, WI 53051, USA","{'lat': 43.17704699999999, 'lng': -88.125801}"
133,Jones Coach Travel,"511 S Lincoln St, Lowell, AR 72745, USA","{'lat': 36.2462203, 'lng': -94.1322058}"
134,Jones Travel & Tour,"511 S Lincoln St, Lowell, AR 72745, USA","{'lat': 36.2462203, 'lng': -94.1322058}"
135,Ron & Rollie Bast Auctioneers,"W201N13900 W Fond Du Lac Ave, Richfield, WI 53076, USA","{'lat': 43.2711403, 'lng': -88.15833669999999}"
136,Johnson School Bus Service,"808 Valley Rd, Watchung, NJ 07069, USA","{'lat': 40.6550087, 'lng': -74.4228385}"
137,Dousman Transport Co. Inc,"1736 Hobbs Dr, Delavan, WI 53115, USA","{'lat': 42.6350159, 'lng': -88.6133151}"
138,Durham School Service,"17600 W Liberty Ln, New Berlin, WI 53146, USA","{'lat': 42.9992649, 'lng': -88.13291339999999}"
139,Durham School Services,"17600 W Liberty Ln, New Berlin, WI 53146, USA","{'lat': 42.9992649, 'lng': -88.13291339999999}"
140,Johnson School Bus Service,"2151 W Washington St, Tempe, AZ 85284, USA","{'lat': 33.4449417, 'lng': -111.9590693}"
141,Dousman Transport,"313 S Main St, Verona, WI 53593, USA","{'lat': 42.9864778, 'lng': -89.5331578}"
142,Riteway Bus Service Inc,"7433 S 10th St, Oak Creek, WI 53154, USA","{'lat': 42.9098129, 'lng': -87.928054}"
143,Riteway Bus Svc Inc,"7433 S 10th St, Oak Creek, WI 53154, USA","{'lat': 42.9098129, 'lng': -87.928054}"
144,Dousman Transport Co. Inc,"120 N Oakridge Dr, Cleveland, TX 77328, USA","{'lat': 30.3689069, 'lng': -95.14797019999999}"
145,"Dousman Transport Co., Inc","120 N Oakridge Dr, Cleveland, TX 77328, USA","{'lat': 30.3689069, 'lng': -95.14797019999999}"
146,Coach USA,"1520 Arcadian Ave, Waukesha, WI 53186, USA","{'lat': 43.014523, 'lng': -88.20677119999999}"
147,Dousman Transport Co Inc,"515 Elizabeth St, Petoskey, MI 49770, USA","{'lat': 45.37234360000001, 'lng': -84.96001199999999}"
148,Hank's Transportation Co,"118 Pleasant Ln, Milford, PA 18337, USA","{'lat': 41.312748, 'lng': -74.8411866}"
149,Thomas Bus Service,"515 Elizabeth St, Petoskey, MI 49770, USA","{'lat': 45.37234360000001, 'lng': -84.96001199999999}"
150,Nelson's Bus Service Inc.,"W8608 Willis Ray Rd, Whitewater, WI 53190, USA","{'lat': 42.8174358, 'lng': -88.7235233}"
151,"Nelson's Bus Service, Inc","W8608 Willis Ray Rd, Whitewater, WI 53190, USA","{'lat': 42.8174358, 'lng': -88.7235233}"
152,Nelson's Bus Service,"W8608 Willis Ray Rd, Whitewater, WI 53190, USA","{'lat': 42.8174358, 'lng': -88.7235233}"
153,Nelsons Bus Service,"W8608 Willis Ray Rd, Whitewater, WI 53190, USA","{'lat': 42.8174358, 'lng': -88.7235233}"
154,Riteway Bus Svc Inc,"6301 W Mill Rd, Milwaukee, WI 53218, USA","{'lat': 43.1332649, 'lng': -87.9895785}"
155,Joy Farm Transportation Inc,"7007 N 115th St, Milwaukee, WI 53224, USA","{'lat': 43.144824, 'lng': -88.059071}"
156,First Student Inc,"5873 N 55th St, Milwaukee, WI 53218, USA","{'lat': 43.12448970000001, 'lng': -87.9816276}"
157,Lakeside Buses Of Wisconsin,"7300 W Green Tree Rd, Milwaukee, WI 53223, USA","{'lat': 43.141423, 'lng': -88.0028554}"
158,First Student Inc,"513 State Farm Rd, Boone, NC 28607, USA","{'lat': 36.2088681, 'lng': -81.6639062}"
159,Mt Horeb Area Dist Bus Garage,"421 W Garfield St, Burns, OR 97720, USA","{'lat': 43.5728345, 'lng': -119.0592747}"
160,Riteway Bus Service Inc,"117 Sunnyside Dr, Jacksonville, FL 32259, USA","{'lat': 30.0938356, 'lng': -81.5975321}"
161,First Student Inc,"340 Ridge St, Sault Ste. Marie, MI 49783, USA","{'lat': 46.5003814, 'lng': -84.3545833}"
162,Kobussen Buses Ltd,"1500 Forward Dr, Sun Prairie, WI 53590, USA","{'lat': 43.156898, 'lng': -89.237156}"
163,Rite Way Leasing,"4212 Robertson Rd, Madison, WI 53714, USA","{'lat': 43.0942565, 'lng': -89.3109102}"
164,Rite-Way Leasing Co,"4212 Robertson Rd, Madison, WI 53714, USA","{'lat': 43.0942565, 'lng': -89.3109102}"
165,Rite-Way Leasing Co Inc,"4212 Robertson Rd, Madison, WI 53714, USA","{'lat': 43.0942565, 'lng': -89.3109102}"
166,Badger Bus,"5501 Femrite Dr, Madison, WI 53718, USA","{'lat': 43.05081209999999, 'lng': -89.2860606}"
167,Badger Bus Lines Inc,"5501 Femrite Dr, Madison, WI 53718, USA","{'lat': 43.05081209999999, 'lng': -89.2860606}"
168,Badger Bus Lines,"5501 Femrite Dr, Madison, WI 53718, USA","{'lat': 43.05081209999999, 'lng': -89.2860606}"
169,Boscobel Area Health Care,"205 Parker St, Newark, NJ 07104, USA","{'lat': 40.75998939999999, 'lng': -74.17714029999999}"
170,Boscobel Area Health Ca,"205 Parker St, Newark, NJ 07104, USA","{'lat': 40.75998939999999, 'lng': -74.17714029999999}"
171,Boscobel Area Health Care,"205 Parker St, Newark, NJ 07104, USA","{'lat': 40.75998939999999, 'lng': -74.17714029999999}"
172,Boscobel Area Health Ca,"205 Parker St, Newark, NJ 07104, USA","{'lat': 40.75998939999999, 'lng': -74.17714029999999}"
173,Southwest Bus Svc,"22265 Melrose Rd, Peck, ID 83545, USA","{'lat': 46.467718, 'lng': -116.419558}"
174,Riteway Bus Service Inc,"2835 Smith Ave, Baltimore, MD 21209, USA","{'lat': 39.374539, 'lng': -76.6905543}"
175,Warco Inc,"570 Warco St, Bloomington, WI 53804, USA","{'lat': 42.892371, 'lng': -90.9348707}"
176,Warco Transportation,"570 Warco St, Bloomington, WI 53804, USA","{'lat': 42.892371, 'lng': -90.9348707}"
177,Brown Bus Svc Inc,"1610 Academy St, Scranton, PA 18504, USA","{'lat': 41.412901, 'lng': -75.688034}"
178,Lamers Limousine Service,"2937 Monroe Rd, Charlotte, NC 28205, USA","{'lat': 35.2045336, 'lng': -80.8058241}"
179,Lamers Limousine Svc,"2937 Monroe Rd, Charlotte, NC 28205, USA","{'lat': 35.2045336, 'lng': -80.8058241}"
180,"Lamers Bus Lines, Inc","2937 Monroe Rd, Charlotte, NC 28205, USA","{'lat': 35.2045336, 'lng': -80.8058241}"
181,Kobussen Buses Ltd,"200 S Ketch Dr, Sunrise, FL 33326, USA","{'lat': 26.1181876, 'lng': -80.35717629999999}"
182,Kobussen Buses Ltd.,"W914 County Rd CE, Kaukauna, WI 54130, USA","{'lat': 44.2561568, 'lng': -88.2332248}"
183,Kobussen Trailways,"W914 County Rd CE, Kaukauna, WI 54130, USA","{'lat': 44.2561568, 'lng': -88.2332248}"
184,Grosskopf Bus Inc,"1208 E Green Bay St, Shawano, WI 54166, USA","{'lat': 44.78026089999999, 'lng': -88.58472499999999}"
185,Two Rivers Buses Inc,"3515 Lincoln Ave, Evansville, IN 47714, USA","{'lat': 37.96914700000001, 'lng': -87.5070836}"
186,First Student Inc,"1840 Lime Kiln Rd, Green Bay, WI 54311, USA","{'lat': 44.4677678, 'lng': -87.98289659999999}"
187,Lamers Bus Lines,"2407 S Point Rd, Green Bay, WI 54313, USA","{'lat': 44.5001539, 'lng': -88.1093066}"
188,"Lamers Bus Lines, Inc","2407 S Point Rd, Green Bay, WI 54313, USA","{'lat': 44.5001539, 'lng': -88.1093066}"
189,Lamers Bus Line,"2407 S Point Rd, Green Bay, WI 54313, USA","{'lat': 44.5001539, 'lng': -88.1093066}"
190,Lamers Bus Lines Inc,"2407 S Point Rd, Green Bay, WI 54313, USA","{'lat': 44.5001539, 'lng': -88.1093066}"
191,First Group Inc,"730 S 17th Ave, Maywood, IL 60153, USA","{'lat': 41.880446, 'lng': -87.85420479999999}"
192,Wausau School District,"415 Seymour St, Syracuse, NY 13204, USA","{'lat': 43.041956, 'lng': -76.164885}"
193,Wausau School District,"2607 N 18th St, Philadelphia, PA 19132, USA","{'lat': 39.9933815, 'lng': -75.1610376}"
194,Wausau Schools,"1860 Farm to Market 359, Richmond, TX 77469, USA","{'lat': 29.6209753, 'lng': -95.7425763}"
195,Wausau School District,"1200 W Wausau Ave, Wausau, WI 54401, USA","{'lat': 44.9746921, 'lng': -89.6513445}"
196,Wausau School Foundation,"1860 Farm to Market 359, Richmond, TX 77469, USA","{'lat': 29.6209753, 'lng': -95.7425763}"
197,Wausau Children's Museum Inc.,"1860 Farm to Market 359, Richmond, TX 77469, USA","{'lat': 29.6209753, 'lng': -95.7425763}"
198,Wausau School District,"3101 N 13th St, Wausau, WI 54403, USA","{'lat': 44.9825715, 'lng': -89.60853569999999}"
199,Wausau School District,"1400 Stewart Rd, Little Rock, AR 72223, USA","{'lat': 34.7449373, 'lng': -92.47588789999999}"
200,Wausau School Dist-Secondary,"415 Seymour St, Syracuse, NY 13204, USA","{'lat': 43.041956, 'lng': -76.164885}"
201,Wausau School District,"650 S 7th Ave, Phoenix, AZ 85007, USA","{'lat': 33.4418131, 'lng': -112.0825687}"
202,Horace Mann Middle School,"3101 N 13th St, Wausau, WI 54403, USA","{'lat': 44.9825715, 'lng': -89.60853569999999}"
203,Texas Choral Directors Associa,"1860 Farm to Market 359, Richmond, TX 77469, USA","{'lat': 29.6209753, 'lng': -95.7425763}"
204,Wausau School District,"1018 S 12th Ave, Wausau, WI 54401, USA","{'lat': 44.9494667, 'lng': -89.6523737}"
205,Wausau School District,"1918 Lamont St, Wausau, WI 54403, USA","{'lat': 44.9369047, 'lng': -89.6243554}"
206,Wausau School District,"5901 N 44th Ave, Glendale, AZ 85301, USA","{'lat': 33.5220854, 'lng': -112.1534241}"
207,Wausau School District,"2701 W Robin Ln, Phoenix, AZ 85027, USA","{'lat': 33.6903019, 'lng': -112.1176271}"
208,Wausau School District,"720 S 6th Ave, Tucson, AZ 85701, USA","{'lat': 32.2127853, 'lng': -110.9688025}"
209,John Muir Middle School - Guidance-Counseling,"1400 Stewart Rd, Little Rock, AR 72223, USA","{'lat': 34.7449373, 'lng': -92.47588789999999}"
210,John Muir Middle School,"1400 Stewart Rd, Little Rock, AR 72223, USA","{'lat': 34.7449373, 'lng': -92.47588789999999}"
211,Wausau School District,"700 W Strowbridge St, Wausau, WI 54401, USA","{'lat': 44.978622, 'lng': -89.64430999999999}"
212,Wausau School District,"1860 Farm to Market 359, Richmond, TX 77469, USA","{'lat': 29.6209753, 'lng': -95.7425763}"
213,Wausau School District,"1600 Kickbusch St, Wausau, WI 54403, USA","{'lat': 44.9566823, 'lng': -89.6059598}"
214,Wausau School District,"T10331 Quarry Rd, Wausau, WI 54403, USA","{'lat': 45.0407974, 'lng': -89.49481469999999}"
215,Wausau School District,"500 N 4th Ave, Tucson, AZ 85705, USA","{'lat': 32.2280786, 'lng': -110.9654562}"
216,Wausau School District,"4303 N Troy St, Chicago, IL 60618, USA","{'lat': 41.95965, 'lng': -87.70661799999999}"
217,Wausau School District,"109 N 56th Ave, Yakima, WA 98908, USA","{'lat': 46.5989863, 'lng': -120.5828463}"
218,Wausau School District,"1509 N 5th St, Philadelphia, PA 19122, USA","{'lat': 39.9746485, 'lng': -75.1437535}"
219,,"1860 Farm to Market 359, Richmond, TX 77469, USA","{'lat': 29.6209753, 'lng': -95.7425763}"
220,Wausau School District,"5400 Bittersweet Rd, Wausau, WI 54401, USA","{'lat': 44.907337, 'lng': -89.67272899999999}"
221,Wausau School District,"500 W Randolph St, Chicago, IL 60661, USA","{'lat': 41.8845109, 'lng': -87.640639}"
222,Texas Choral Directors Associa,"415 Seymour St, Syracuse, NY 13204, USA","{'lat': 43.041956, 'lng': -76.164885}"
223,Wausau School Dist,"650 S 7th Ave, Phoenix, AZ 85007, USA","{'lat': 33.4418131, 'lng': -112.0825687}"
224,Lakeland Bus Service Inc,"Co Rd U, Caledonia, WI, USA","{'lat': 43.44768810000001, 'lng': -89.50933119999999}"
225,First Student Inc,"6206 Alderson St, Schofield, WI 54476, USA","{'lat': 44.900837, 'lng': -89.593637}"
226,Marshfeld Bus Svc Chrters Turs,"1507 S Anton Ave, Marshfield, WI 54449, USA","{'lat': 44.652797, 'lng': -90.145001}"
227,Burnett Transit Inc,"B3866 State Hwy 13, Spencer, WI 54479, USA","{'lat': 44.7840577, 'lng': -90.304902}"
228,Chippewa Yellow Bus Co,"510 E South Ave, Fresno, CA 93725, USA","{'lat': 36.6197727, 'lng': -119.7815908}"
229,Student Transit,"1001 Menomonie St, Eau Claire, WI 54703, USA","{'lat': 44.8007485, 'lng': -91.5206188}"
230,Stanley Boyd School District,"507 E 1st Ave, Denver, CO 80203, USA","{'lat': 39.71851059999999, 'lng': -104.9811674}"
231,Stanley Elementary School,"507 E 1st Ave, Denver, CO 80203, USA","{'lat': 39.71851059999999, 'lng': -104.9811674}"
232,Stanley Boyd High School,"507 E 1st Ave, Denver, CO 80203, USA","{'lat': 39.71851059999999, 'lng': -104.9811674}"
233,Stanley-Boyd School District,"507 E 1st Ave, Denver, CO 80203, USA","{'lat': 39.71851059999999, 'lng': -104.9811674}"
234,Stanley Boyd School Dist,"507 E 1st Ave, Denver, CO 80203, USA","{'lat': 39.71851059999999, 'lng': -104.9811674}"
235,Stucker Bus Svc,"6922 County Rd D, Almond, WI 54909, USA","{'lat': 44.2592343, 'lng': -89.4410104}"
236,Lamers Bus Lines Inc,"1825 Novak Dr, Menasha, WI 54952, USA","{'lat': 44.2349977, 'lng': -88.429711}"
237,Harlow's School Bus Svc Inc,"206 S Veterans St, Flandreau, SD 57028, USA","{'lat': 44.0463768, 'lng': -96.6085835}"
238,B-J School Buses Inc,"PO Box 507, Elkhorn, NE 68022, USA","{'lat': 41.2831958, 'lng': -96.2368465}"
239,American Bus Inc,"305 W Industrial Rd, Canton, SD 57013, USA","{'lat': 43.301184, 'lng': -96.621568}"
240,School Bus Inc,"5100 W 8th St, Los Angeles, CA 90036, USA","{'lat': 34.0604113, 'lng': -118.3387918}"
241,Dakota Trailways,"631 S 32nd St, Phoenix, AZ 85034, USA","{'lat': 33.4439797, 'lng': -112.0129068}"
242,Mortenson Einar,"2237 Sherman Ave, Evanston, IL 60201, USA","{'lat': 42.0588743, 'lng': -87.68124639999999}"
